serviceId,timestamp,cpuPercent,memoryMB,requestRate,replicaCount
web-service,2026-07-20T00:00:00Z,55.8,429.24,129.14,4
web-service,2026-07-20T00:00:10Z,50.68,442.7,119.51,4
web-service,2026-07-20T00:00:20Z,49.18,437.12,130.1,4
web-service,2026-07-20T00:00:30Z,64.61,445.77,156.61,4
web-service,2026-07-20T00:00:40Z,62.69,437.05,163.82,4
web-service,2026-07-20T00:00:50Z,62.81,454.36,162.83,4
web-service,2026-07-20T00:01:00Z,63.43,462.73,157.39,4
web-service,2026-07-20T00:01:10Z,70.46,468.31,177.04,4
web-service,2026-07-20T00:01:20Z,68.83,465.73,177.24,4
web-service,2026-07-20T00:01:30Z,70.19,436.05,182.12,4
web-service,2026-07-20T00:01:40Z,72.8,440.56,200.67,4
web-service,2026-07-20T00:01:50Z,64.26,439.41,185.73,4
web-service,2026-07-20T00:02:00Z,78.9,455.84,195.11,4
web-service,2026-07-20T00:02:10Z,75.81,442.41,200.31,4
web-service,2026-07-20T00:02:20Z,73.7,469.87,195.69,4
web-service,2026-07-20T00:02:30Z,73.23,478.52,199.67,4
web-service,2026-07-20T00:02:40Z,76.4,473.34,208.73,4
web-service,2026-07-20T00:02:50Z,71.84,457.31,182.8,4
web-service,2026-07-20T00:03:00Z,74.55,464.91,207.33,4
web-service,2026-07-20T00:03:10Z,74.27,464.66,197.57,4
web-service,2026-07-20T00:03:20Z,77.09,443.26,206.98,4
web-service,2026-07-20T00:03:30Z,73.58,447.33,187.81,4
web-service,2026-07-20T00:03:40Z,68.39,448.35,179.43,4
web-service,2026-07-20T00:03:50Z,72.73,440.94,173.38,4
web-service,2026-07-20T00:04:00Z,66.79,458.16,171.77,4
web-service,2026-07-20T00:04:10Z,69.26,453.16,169.81,4
web-service,2026-07-20T00:04:20Z,61.08,456.0,159.9,4
web-service,2026-07-20T00:04:30Z,55.27,424.16,142.69,4
web-service,2026-07-20T00:04:40Z,48.85,432.43,121.74,4
web-service,2026-07-20T00:04:50Z,52.01,443.57,130.35,4
web-service,2026-07-20T00:05:00Z,48.95,441.97,116.43,4
web-service,2026-07-20T00:05:10Z,46.73,445.43,109.46,4
web-service,2026-07-20T00:05:20Z,51.66,434.3,109.48,4
web-service,2026-07-20T00:05:30Z,39.71,435.16,87.32,4
web-service,2026-07-20T00:05:40Z,38.97,410.8,99.55,4
web-service,2026-07-20T00:05:50Z,38.64,434.73,90.95,4
web-service,2026-07-20T00:06:00Z,41.91,423.75,85.57,4
web-service,2026-07-20T00:06:10Z,27.46,421.1,48.43,4
web-service,2026-07-20T00:06:20Z,31.79,434.17,54.59,4
web-service,2026-07-20T00:06:30Z,32.49,410.92,55.82,4
web-service,2026-07-20T00:06:40Z,30.21,412.37,56.87,4
web-service,2026-07-20T00:06:50Z,28.73,423.74,50.23,4
web-service,2026-07-20T00:07:00Z,26.39,436.13,46.29,4
web-service,2026-07-20T00:07:10Z,22.57,415.72,48.43,4
web-service,2026-07-20T00:07:20Z,19.11,428.43,44.9,4
web-service,2026-07-20T00:07:30Z,23.99,408.34,33.9,4
web-service,2026-07-20T00:07:40Z,24.65,413.31,47.88,4
web-service,2026-07-20T00:07:50Z,23.34,399.61,36.86,4
web-service,2026-07-20T00:08:00Z,30.93,413.12,38.68,4
web-service,2026-07-20T00:08:10Z,31.89,427.28,61.69,4
web-service,2026-07-20T00:08:20Z,27.33,394.34,58.29,4
web-service,2026-07-20T00:08:30Z,29.26,406.73,56.04,4
web-service,2026-07-20T00:08:40Z,29.3,418.48,43.34,4
web-service,2026-07-20T00:08:50Z,37.59,436.08,79.45,4
web-service,2026-07-20T00:09:00Z,35.79,428.33,79.98,4
web-service,2026-07-20T00:09:10Z,44.7,439.99,88.06,4
web-service,2026-07-20T00:09:20Z,44.52,427.64,91.03,4
web-service,2026-07-20T00:09:30Z,39.57,413.49,88.86,4
web-service,2026-07-20T00:09:40Z,50.3,444.7,103.14,4
web-service,2026-07-20T00:09:50Z,44.7,445.77,101.47,4
web-service,2026-07-20T00:10:00Z,46.34,454.05,120.84,4
web-service,2026-07-20T00:10:10Z,52.34,419.05,131.52,4
web-service,2026-07-20T00:10:20Z,55.32,463.22,145.33,4
web-service,2026-07-20T00:10:30Z,64.79,474.54,152.13,4
web-service,2026-07-20T00:10:40Z,57.41,460.29,148.61,4
web-service,2026-07-20T00:10:50Z,60.09,428.99,153.26,4
web-service,2026-07-20T00:11:00Z,56.5,451.85,162.77,4
web-service,2026-07-20T00:11:10Z,59.63,450.11,164.31,4
web-service,2026-07-20T00:11:20Z,68.37,437.77,168.83,4
web-service,2026-07-20T00:11:30Z,74.95,464.99,194.73,4
web-service,2026-07-20T00:11:40Z,72.02,459.72,178.71,4
web-service,2026-07-20T00:11:50Z,75.86,452.4,194.07,4
web-service,2026-07-20T00:12:00Z,74.13,460.51,199.55,4
web-service,2026-07-20T00:12:10Z,77.65,466.89,192.31,4
web-service,2026-07-20T00:12:20Z,79.61,457.18,209.47,4
web-service,2026-07-20T00:12:30Z,82.3,455.61,208.41,4
web-service,2026-07-20T00:12:40Z,71.28,466.16,206.65,4
web-service,2026-07-20T00:12:50Z,79.69,456.97,201.5,4
web-service,2026-07-20T00:13:00Z,77.51,462.95,204.65,4
web-service,2026-07-20T00:13:10Z,77.25,460.5,198.43,4
web-service,2026-07-20T00:13:20Z,68.99,447.78,179.37,4
web-service,2026-07-20T00:13:30Z,76.83,473.5,183.55,4
web-service,2026-07-20T00:13:40Z,67.29,453.35,173.26,4
web-service,2026-07-20T00:13:50Z,65.98,457.1,166.23,4
web-service,2026-07-20T00:14:00Z,63.97,457.1,163.53,4
web-service,2026-07-20T00:14:10Z,65.98,461.86,171.09,4
web-service,2026-07-20T00:14:20Z,65.08,448.55,152.94,4
web-service,2026-07-20T00:14:30Z,55.82,447.46,144.94,4
web-service,2026-07-20T00:14:40Z,57.73,439.31,138.51,4
web-service,2026-07-20T00:14:50Z,54.86,429.2,135.98,4
web-service,2026-07-20T00:15:00Z,49.77,438.98,127.34,4
web-service,2026-07-20T00:15:10Z,48.54,435.44,119.4,4
web-service,2026-07-20T00:15:20Z,40.63,451.93,99.58,4
web-service,2026-07-20T00:15:30Z,45.39,434.22,89.96,4
web-service,2026-07-20T00:15:40Z,45.9,446.97,94.14,4
web-service,2026-07-20T00:15:50Z,39.6,413.78,81.41,4
web-service,2026-07-20T00:16:00Z,32.0,421.67,62.43,4
web-service,2026-07-20T00:16:10Z,34.7,426.24,73.74,4
web-service,2026-07-20T00:16:20Z,26.68,425.42,53.69,4
web-service,2026-07-20T00:16:30Z,27.31,407.6,58.82,4
web-service,2026-07-20T00:16:40Z,31.72,412.77,59.91,4
web-service,2026-07-20T00:16:50Z,19.55,427.59,39.37,4
web-service,2026-07-20T00:17:00Z,31.95,409.08,57.0,4
web-service,2026-07-20T00:17:10Z,27.49,403.22,47.37,4
web-service,2026-07-20T00:17:20Z,18.51,413.45,38.23,4
web-service,2026-07-20T00:17:30Z,19.02,413.16,31.0,4
web-service,2026-07-20T00:17:40Z,23.66,404.47,25.3,4
web-service,2026-07-20T00:17:50Z,23.57,412.43,46.41,4
web-service,2026-07-20T00:18:00Z,27.44,411.17,43.46,4
web-service,2026-07-20T00:18:10Z,19.48,397.79,30.25,4
web-service,2026-07-20T00:18:20Z,25.87,406.73,46.7,4
web-service,2026-07-20T00:18:30Z,31.15,415.13,48.05,4
web-service,2026-07-20T00:18:40Z,29.26,416.94,56.28,4
web-service,2026-07-20T00:18:50Z,34.87,436.23,69.47,4
web-service,2026-07-20T00:19:00Z,43.72,421.29,94.62,4
web-service,2026-07-20T00:19:10Z,42.19,415.46,89.65,4
web-service,2026-07-20T00:19:20Z,42.88,410.9,90.0,4
web-service,2026-07-20T00:19:30Z,44.79,437.82,99.32,4
web-service,2026-07-20T00:19:40Z,44.56,426.02,103.54,4
web-service,2026-07-20T00:19:50Z,48.14,445.63,113.61,4
web-service,2026-07-20T00:20:00Z,46.56,443.52,125.85,4
web-service,2026-07-20T00:20:10Z,55.39,457.02,136.47,4
web-service,2026-07-20T00:20:20Z,59.32,434.22,148.17,4
web-service,2026-07-20T00:20:30Z,57.91,440.06,152.42,4
web-service,2026-07-20T00:20:40Z,57.41,462.65,149.71,4
web-service,2026-07-20T00:20:50Z,60.81,462.42,159.6,4
web-service,2026-07-20T00:21:00Z,64.77,447.94,170.81,4
web-service,2026-07-20T00:21:10Z,68.59,450.53,187.56,4
web-service,2026-07-20T00:21:20Z,65.79,475.68,172.86,4
web-service,2026-07-20T00:21:30Z,67.96,434.0,181.22,4
web-service,2026-07-20T00:21:40Z,96.15,489.16,276.26,4
web-service,2026-07-20T00:21:50Z,100.0,510.6,357.88,4
web-service,2026-07-20T00:22:00Z,100.0,536.66,440.16,4
web-service,2026-07-20T00:22:10Z,100.0,535.1,447.8,4
web-service,2026-07-20T00:22:20Z,100.0,502.09,353.66,4
web-service,2026-07-20T00:22:30Z,100.0,472.53,286.25,4
web-service,2026-07-20T00:22:40Z,73.74,463.89,190.47,4
web-service,2026-07-20T00:22:50Z,73.92,460.21,188.49,4
web-service,2026-07-20T00:23:00Z,74.08,463.65,199.45,4
web-service,2026-07-20T00:23:10Z,74.87,467.16,193.21,4
web-service,2026-07-20T00:23:20Z,79.62,461.14,199.73,4
web-service,2026-07-20T00:23:30Z,71.12,450.45,176.2,4
web-service,2026-07-20T00:23:40Z,67.59,457.05,178.41,4
web-service,2026-07-20T00:23:50Z,62.75,458.3,165.43,4
web-service,2026-07-20T00:24:00Z,59.55,458.37,160.32,4
web-service,2026-07-20T00:24:10Z,71.3,463.62,165.99,4
web-service,2026-07-20T00:24:20Z,66.66,460.95,161.17,4
web-service,2026-07-20T00:24:30Z,61.99,437.68,144.77,4
web-service,2026-07-20T00:24:40Z,59.35,442.98,141.09,4
web-service,2026-07-20T00:24:50Z,51.77,438.83,129.46,4
web-service,2026-07-20T00:25:00Z,51.69,451.33,131.32,4
web-service,2026-07-20T00:25:10Z,53.17,446.62,124.34,4
web-service,2026-07-20T00:25:20Z,46.15,422.93,101.83,4
web-service,2026-07-20T00:25:30Z,38.98,434.59,83.47,4
web-service,2026-07-20T00:25:40Z,38.17,434.57,90.93,4
web-service,2026-07-20T00:25:50Z,39.06,432.26,85.71,4
web-service,2026-07-20T00:26:00Z,41.47,425.33,80.57,4
web-service,2026-07-20T00:26:10Z,36.49,412.62,76.18,4
web-service,2026-07-20T00:26:20Z,34.27,412.77,71.8,4
web-service,2026-07-20T00:26:30Z,30.73,414.28,69.8,4
web-service,2026-07-20T00:26:40Z,27.87,420.72,56.56,4
web-service,2026-07-20T00:26:50Z,24.94,412.39,38.1,4
web-service,2026-07-20T00:27:00Z,24.87,391.34,39.13,4
web-service,2026-07-20T00:27:10Z,21.34,412.21,31.18,4
web-service,2026-07-20T00:27:20Z,25.25,412.03,48.82,4
web-service,2026-07-20T00:27:30Z,27.52,423.19,48.5,4
web-service,2026-07-20T00:27:40Z,26.75,421.29,50.82,4
web-service,2026-07-20T00:27:50Z,31.09,411.56,52.32,4
web-service,2026-07-20T00:28:00Z,17.48,407.98,27.39,4
web-service,2026-07-20T00:28:10Z,22.58,420.18,37.51,4
web-service,2026-07-20T00:28:20Z,22.67,408.53,42.61,4
web-service,2026-07-20T00:28:30Z,26.97,411.99,47.99,4
web-service,2026-07-20T00:28:40Z,30.66,437.17,66.31,4
web-service,2026-07-20T00:28:50Z,30.26,422.4,58.76,4
web-service,2026-07-20T00:29:00Z,38.38,406.73,77.22,4
web-service,2026-07-20T00:29:10Z,35.52,433.18,84.7,4
web-service,2026-07-20T00:29:20Z,38.04,413.57,78.77,4
web-service,2026-07-20T00:29:30Z,39.66,420.68,77.84,4
web-service,2026-07-20T00:29:40Z,42.35,414.32,106.6,4
web-service,2026-07-20T00:29:50Z,47.47,423.94,100.44,4
